algorithm,execution_time,success,board,N
backtracking,0.0005061626434326172,True,"[0, 4, 7, 5, 2, 6, 1, 3]",8
genetic,0.009043693542480469,True,"[1, 6, 4, 7, 0, 3, 5, 2]",8,100,1000,0.5
genetic,0.05928993225097656,True,"[2, 5, 3, 0, 7, 4, 6, 1]",8,100,1000,0.5
simulated_annealing,0.004464864730834961,False,"[6, 2, 7, 2, 4, 7, 1, 3]",8
ant_colony,0.06005740165710449,True,"[3, 7, 4, 2, 0, 6, 1, 5]",8,100,1000,1,2,0.01,100.0
neural_network,4.875445127487183,False,"[4, 0, 2, 6, 4, 0, 7, 3]",8,16,10000
simulated_annealing,0.0023818016052246094,False,"[5, 0, 4, 3, 7, 2, 4, 1]",8
genetic,0.045761823654174805,True,"[5, 2, 6, 1, 7, 4, 0, 3]",8,100,1000,0.5
backtracking,0.004610776901245117,True,"[0, 4, 7, 5, 2, 6, 1, 3]",8
ant_colony,0.059072256088256836,True,"[6, 2, 0, 5, 7, 4, 1, 3]",8,100,1000,1,2,0.01,100.0
simulated_annealing,0.005304813385009766,False,"[7, 4, 1, 3, 6, 6, 2, 5]",8
genetic,0.08182716369628906,True,"[7, 2, 0, 5, 1, 4, 6, 3]",8,100,1000,0.5
simulated_annealing,0.003223419189453125,False,"[0, 3, 7, 4, 2, 0, 5, 6]",8
simulated_annealing,0.0025577545166015625,False,"[5, 1, 6, 0, 7, 3, 7, 2]",8
simulated_annealing,0.003945589065551758,False,"[7, 0, 2, 3, 1, 6, 2, 5]",8
genetic,0.1212165355682373,True,"[4, 2, 0, 5, 7, 1, 3, 6]",8,100,1000,0.5
backtracking,0.0,True,"[0, 4, 7, 5, 2, 6, 1, 3]",8
ant_colony,0.04508471488952637,True,"[4, 6, 1, 5, 2, 0, 7, 3]",8,100,1000,1,2,0.01,100.0
genetic,0.021413087844848633,True,"[2, 5, 7, 1, 3, 0, 6, 4]",8,100,1000,0.5
simulated_annealing,0.002846240997314453,False,"[6, 3, 0, 2, 7, 5, 7, 1]",8
neural_network,12.047370195388794,False,"[4, 4, 5, 5, 3, 5, 3, 3]",8,16,10000
ant_colony,1.2221193313598633,True,"[4, 8, 5, 0, 10, 7, 2, 6, 3, 1, 11, 9]",12,100,1000,1,2,0.01,100.0
ant_colony,71.68288803100586,True,"[0, 14, 11, 6, 16, 2, 10, 12, 3, 5, 8, 1, 13, 4, 7, 9, 15]",17,100,1000,1,2,0.01,100.0
ant_colony,267.95758605003357,True,"[15, 7, 5, 8, 13, 9, 4, 2, 10, 16, 3, 11, 0, 14, 6, 1, 12]",17,100,1000,1,2,0.01,100.0
simulated_annealing,0.0,"(100.0, 0.1, 0.9, False)","[7, 3, 1, 4, 6, 0, 5, 2]",8
simulated_annealing,0.0,"(100.0, 0.1, 0.9, False)","[2, 6, 3, 7, 4, 5, 0, 1]",8
simulated_annealing,0.0,"(100.0, 0.1, 0.9, False)","[1, 2, 7, 5, 4, 0, 3, 6]",8
simulated_annealing,0.001934051513671875,"(100.0, 0.1, 0.9, False)","[3, 4, 6, 1, 2, 5, 7, 0]",8
simulated_annealing,0.0,"(100.0, 0.1, 0.9, False)","[0, 3, 1, 6, 2, 5, 4, 7]",8
simulated_annealing,0.0032265186309814453,"(100.0, 0.1, 0.9, False)","[0, 1, 2, 3, 6, 4, 5, 7]",8
simulated_annealing,0.0018770694732666016,"(100.0, 0.1, 0.9, False)","[5, 2, 3, 7, 1, 4, 6, 0]",8
simulated_annealing,0.0020585060119628906,"(100.0, 0.1, 0.9, False)","[1, 0, 5, 6, 3, 4, 7, 2]",8
simulated_annealing,0.0015087127685546875,"(100.0, 0.1, 0.9, False)","[1, 3, 5, 7, 2, 0, 4, 6]",8
simulated_annealing,0.0005800724029541016,"(100.0, 0.1, 0.9, False)","[0, 1, 2, 3, 5, 7, 6, 4]",8
simulated_annealing,0.0010845661163330078,"(100.0, 0.1, 0.9, False)","[3, 5, 6, 7, 2, 1, 4, 0]",8
simulated_annealing,0.0,"(100.0, 0.1, 0.9, False)","[1, 0, 2, 4, 6, 5, 7, 3]",8
simulated_annealing,0.001005411148071289,"(100.0, 0.1, 0.9, False)","[4, 2, 3, 7, 6, 5, 1, 0]",8
simulated_annealing,0.0,"(100.0, 0.1, 0.9, False)","[3, 4, 5, 6, 1, 2, 0, 7]",8
neural_network,12.319964408874512,False,"[6, 1, 2, 3, 3, 2, 4, 4]",8,16,10000
backtracking,0.0007495880126953125,True,"[0, 4, 7, 5, 2, 6, 1, 3]",8
genetic,0.07936882972717285,True,"[1, 6, 4, 7, 0, 3, 5, 2]",8,100,1000,0.5
ant_colony,0.058988332748413086,True,"[4, 7, 3, 0, 2, 5, 1, 6]",8,100,1000,1,2,0.01,100.0
backtracking,0.0015075206756591797,True,"[0, 4, 7, 5, 2, 6, 1, 3]",8
genetic,0.014860391616821289,True,"[2, 5, 1, 4, 7, 0, 6, 3]",8,100,1000,0.5
ant_colony,0.06355810165405273,True,"[4, 6, 3, 0, 2, 7, 5, 1]",8,100,1000,1,2,0.01,100.0
genetic,0.021759986877441406,True,"[4, 6, 1, 5, 2, 0, 7, 3]",8,100,1000,0.5
ant_colony,0.055001020431518555,True,"[0, 5, 7, 2, 6, 3, 1, 4]",8,100,1000,1,2,0.01,100.0
genetic,0.030026674270629883,True,"[2, 7, 3, 6, 0, 5, 1, 4]",8,100,1000,0.5
ant_colony,0.04703211784362793,True,"[2, 5, 7, 0, 4, 6, 1, 3]",8,100,1000,1,2,0.01,100.0
genetic,0.16585302352905273,True,"[4, 0, 3, 5, 7, 1, 6, 2]",8,100,1000,0.5
genetic,0.05008864402770996,True,"[3, 1, 7, 5, 0, 2, 4, 6]",8,100,1000,0.5
ant_colony,0.0565943717956543,True,"[5, 2, 6, 3, 0, 7, 1, 4]",8,100,1000,1,2,0.01,100.0
backtracking,0.0,True,"[0, 4, 7, 5, 2, 6, 1, 3]",8
ant_colony,0.0326383113861084,True,"[5, 3, 0, 4, 7, 1, 6, 2]",8,100,1000,1,2,0.01,100.0
ant_colony,39.71624994277954,True,"[2, 13, 6, 9, 5, 1, 14, 12, 3, 8, 0, 11, 4, 10, 7]",15,100,1000,1,2,0.01,100.0
genetic,0.6049232482910156,True,"[3, 7, 4, 2, 0, 6, 1, 5]",8,100,1000,0.5
backtracking,0.0,True,"[0, 4, 7, 5, 2, 6, 1, 3]",8
ant_colony,0.3150210380554199,True,"[3, 1, 4, 7, 5, 0, 2, 6]",8,100,1000,1,2,0.01,100.0
simulated_annealing,0.0,"(100.0, 0.1, 0.9, False)","[6, 3, 5, 7, 2, 0, 4, 1]",8
neural_network,144.9750587940216,False,"[3, 13, 4, 2, 1, 3, 13, 4, 12, 7, 9, 7, 10, 2, 6]",15,16,10000
neural_network,49.75648880004883,False,"[1, 7, 6, 1, 0, 1, 0, 4]",8,16,10000
ant_colony,760.1809842586517,True,"[19, 11, 4, 18, 13, 0, 10, 1, 16, 9, 17, 3, 8, 2, 12, 14, 7, 5, 15, 6]",20,100,1000,1,2,0.01,100.0
simulated_annealing,0.0,"(100.0, 0.1, 0.9, False)","[3, 4, 6, 0, 5, 7, 2, 1]",8
simulated_annealing,0.0018978118896484375,"(100.0, 0.1, 0.9, False)","[1, 2, 5, 7, 4, 3, 0, 6]",8
simulated_annealing,0.0,"(100.0, 0.1, 0.9, False)","[1, 2, 6, 7, 3, 0, 5, 4]",8
simulated_annealing,0.003701925277709961,"(100.0, 0.1, 0.9, False)","[3, 0, 2, 1, 5, 7, 4, 6]",8
simulated_annealing,0.002259492874145508,"(1000.0, 0.1, 0.9, False)","[3, 5, 6, 7, 2, 1, 0, 4]",8
simulated_annealing,0.0022766590118408203,"(1000.0, 0.1, 0.9, False)","[0, 5, 6, 7, 4, 1, 2, 3]",8
simulated_annealing,0.0,"(1000.0, 0.1, 0.9, False)","[1, 7, 0, 2, 3, 4, 5, 6]",8
simulated_annealing,0.006457805633544922,"(1000.0, 0.1, 0.9, False)","[5, 0, 1, 2, 6, 3, 4, 7]",8
simulated_annealing,0.004186868667602539,"(1000.0, 0.1, 0.9, False)","[3, 1, 5, 4, 7, 6, 0, 2]",8
simulated_annealing,0.0014748573303222656,"(1.0, 0.1, 0.9, False)","[0, 7, 1, 6, 3, 5, 4, 2]",8
simulated_annealing,0.0,"(1.0, 0.1, 0.9, False)","[0, 3, 5, 6, 2, 7, 4, 1]",8
simulated_annealing,0.0005033016204833984,"(1.0, 0.1, 0.9, False)","[1, 3, 4, 6, 5, 7, 2, 0]",8
simulated_annealing,0.0020759105682373047,"(1.0, 0.1, 0.9, False)","[5, 0, 1, 3, 6, 2, 7, 4]",8
simulated_annealing,0.0011589527130126953,"(1.0, 0.1, 0.9, False)","[1, 2, 5, 4, 3, 7, 0, 6]",8
simulated_annealing,0.0,"(1.0, 0.1, 0.9, False)","[0, 3, 1, 4, 7, 5, 6, 2]",8
simulated_annealing,0.002547025680541992,"(10.0, 0.001, 0.9, False)","[3, 4, 5, 2, 1, 0, 6, 7]",8
simulated_annealing,0.004486799240112305,"(10.0, 0.001, 0.9, False)","[1, 6, 5, 2, 7, 3, 0, 4]",8
simulated_annealing,0.0019812583923339844,"(10.0, 0.001, 0.9, False)","[1, 3, 6, 4, 7, 2, 0, 5]",8
simulated_annealing,0.0,"(10.0, 0.001, 0.9, False)","[3, 5, 2, 6, 4, 7, 0, 1]",8
simulated_annealing,0.004530668258666992,"(10.0, 0.001, 0.9, False)","[4, 7, 6, 5, 1, 0, 3, 2]",8
simulated_annealing,0.0067255496978759766,"(10.0, 0.001, 0.9, False)","[2, 3, 6, 4, 5, 0, 7, 1]",8
simulated_annealing,0.003170013427734375,"(10.0, 0.001, 0.9, False)","[4, 1, 0, 3, 7, 5, 6, 2]",8
simulated_annealing,0.003025054931640625,"(10.0, 0.001, 0.9, False)","[4, 7, 0, 6, 5, 3, 2, 1]",8
simulated_annealing,0.0016436576843261719,"(10.0, 0.001, 0.9, False)","[0, 1, 2, 3, 4, 6, 7, 5]",8
simulated_annealing,0.002819538116455078,"(10.0, 0.1, 0.9, False)","[0, 2, 5, 1, 4, 7, 6, 3]",8
simulated_annealing,0.0032510757446289062,"(10.0, 0.1, 0.9, False)","[3, 1, 4, 0, 6, 7, 2, 5]",8
simulated_annealing,0.0015113353729248047,"(10.0, 0.1, 0.9, False)","[2, 3, 7, 4, 1, 5, 0, 6]",8
simulated_annealing,0.0023632049560546875,"(10.0, 0.1, 0.9, False)","[5, 1, 2, 0, 4, 7, 6, 3]",8
simulated_annealing,0.0005838871002197266,"(10.0, 0.1, 0.9, False)","[2, 0, 6, 1, 3, 7, 4, 5]",8
simulated_annealing,0.002094745635986328,"(10.0, 0.1, 0.9, False)","[6, 0, 1, 2, 3, 7, 4, 5]",8
simulated_annealing,0.02326035499572754,"(100.0, 0.01, 0.99, False)","[0, 7, 1, 2, 3, 6, 5, 4]",8
simulated_annealing,0.02125382423400879,"(100.0, 0.01, 0.99, False)","[0, 1, 6, 3, 4, 2, 5, 7]",8
simulated_annealing,0.025910615921020508,"(100.0, 0.01, 0.99, False)","[0, 4, 2, 3, 7, 5, 1, 6]",8
simulated_annealing,0.024737834930419922,"(100.0, 0.01, 0.99, False)","[0, 2, 5, 4, 6, 7, 3, 1]",8
simulated_annealing,0.02590632438659668,"(100.0, 0.01, 0.99, False)","[0, 3, 5, 4, 7, 2, 1, 6]",8
simulated_annealing,0.02214193344116211,"(100.0, 0.01, 0.99, False)","[1, 4, 6, 3, 5, 7, 0, 2]",8
simulated_annealing,0.02961444854736328,"(100.0, 0.01, 0.99, False)","[2, 7, 3, 6, 5, 0, 1, 4]",8
simulated_annealing,0.03105783462524414,"(100.0, 0.01, 0.99, False)","[0, 3, 7, 5, 6, 4, 2, 1]",8
simulated_annealing,0.02259063720703125,"(100.0, 0.01, 0.99, False)","[0, 2, 4, 3, 1, 7, 5, 6]",8
simulated_annealing,0.025477886199951172,"(100.0, 0.01, 0.99, False)","[0, 3, 2, 5, 6, 7, 1, 4]",8
simulated_annealing,0.026575803756713867,"(100.0, 0.01, 0.99, False)","[5, 1, 6, 2, 4, 3, 7, 0]",8
simulated_annealing,0.02470111846923828,"(100.0, 0.01, 0.99, False)","[1, 3, 4, 6, 7, 0, 2, 5]",8
simulated_annealing,0.028518199920654297,"(100.0, 0.01, 0.99, False)","[4, 5, 1, 7, 6, 2, 0, 3]",8
simulated_annealing,0.022124052047729492,"(100.0, 0.01, 0.99, False)","[0, 2, 7, 6, 4, 3, 5, 1]",8
simulated_annealing,0.02189040184020996,"(100.0, 0.01, 0.99, False)","[0, 5, 1, 7, 3, 6, 2, 4]",8
simulated_annealing,0.021203041076660156,"(100.0, 0.01, 0.99, False)","[2, 6, 4, 3, 7, 5, 1, 0]",8
simulated_annealing,0.025603055953979492,"(100.0, 0.01, 0.99, False)","[0, 3, 2, 5, 7, 1, 6, 4]",8
simulated_annealing,0.030544042587280273,"(100.0, 0.01, 0.99, False)","[1, 2, 7, 0, 4, 6, 3, 5]",8
simulated_annealing,0.02287912368774414,"(100.0, 0.01, 0.99, False)","[1, 3, 4, 6, 5, 7, 2, 0]",8
simulated_annealing,0.021036863327026367,"(100.0, 0.01, 0.99, False)","[3, 6, 2, 1, 0, 7, 5, 4]",8
simulated_annealing,0.02630758285522461,"(100.0, 0.01, 0.99, False)","[1, 2, 3, 5, 0, 4, 7, 6]",8
simulated_annealing,0.0225069522857666,"(100.0, 0.01, 0.99, False)","[3, 6, 2, 7, 0, 4, 1, 5]",8
simulated_annealing,0.023623943328857422,"(100.0, 0.01, 0.99, False)","[1, 4, 7, 0, 3, 5, 2, 6]",8
simulated_annealing,0.021439075469970703,"(100.0, 0.01, 0.99, False)","[7, 4, 5, 3, 6, 2, 1, 0]",8
simulated_annealing,0.023416519165039062,"(100.0, 0.01, 0.99, False)","[0, 5, 4, 7, 1, 2, 6, 3]",8
simulated_annealing,0.02289128303527832,"(100.0, 0.01, 0.99, False)","[4, 5, 6, 7, 0, 3, 1, 2]",8
simulated_annealing,0.02306389808654785,"(100.0, 0.01, 0.99, False)","[7, 4, 1, 6, 0, 2, 5, 3]",8
simulated_annealing,0.029799222946166992,"(100.0, 0.01, 0.99, False)","[2, 3, 7, 5, 0, 6, 1, 4]",8
simulated_annealing,0.022924184799194336,"(100.0, 0.01, 0.99, False)","[0, 3, 5, 7, 1, 4, 6, 2]",8
simulated_annealing,0.024619340896606445,"(100.0, 0.01, 0.99, False)","[4, 6, 1, 2, 7, 5, 3, 0]",8
simulated_annealing,0.019088029861450195,"(100.0, 0.01, 0.99, False)","[3, 4, 7, 1, 6, 5, 0, 2]",8
simulated_annealing,0.019808530807495117,"(100.0, 0.01, 0.99, False)","[1, 0, 4, 5, 2, 3]",6
simulated_annealing,0.016983747482299805,"(100.0, 0.01, 0.99, False)","[4, 5, 3, 2, 1, 0]",6
simulated_annealing,0.028255462646484375,"(100.0, 0.01, 0.99, False)","[3, 5, 4, 0, 2, 1]",6
simulated_annealing,0.0076563358306884766,"(100.0, 0.01, 0.99, False)","[2, 1, 5, 0, 4, 3]",6
simulated_annealing,0.020300865173339844,"(100.0, 0.01, 0.99, False)","[1, 0, 4, 5, 2, 3]",6
simulated_annealing,0.02053666114807129,"(100.0, 0.01, 0.99, False)","[0, 1, 4, 3, 2, 5]",6
simulated_annealing,0.021953821182250977,"(100.0, 0.01, 0.99, False)","[1, 3, 4, 0, 2, 5]",6
simulated_annealing,0.00859832763671875,"(100.0, 0.01, 0.99, False)","[3, 4, 5, 0, 2, 1]",6
simulated_annealing,0.006410360336303711,"(100.0, 0.01, 0.99, False)","[0, 1, 5, 3, 4, 2]",6
backtracking,0.0,True,"[0, 4, 7, 5, 2, 6, 1, 3]",8
simulated_annealing,0.004397153854370117,"(10.0, 0.01, 0.99, False)","[5, 4, 3, 0, 7, 6, 1, 2]",8
simulated_annealing,0.005281686782836914,"(10.0, 0.01, 0.99, False)","[7, 2, 6, 3, 4, 0, 5, 1]",8
simulated_annealing,0.01607370376586914,"(10.0, 0.01, 0.99, False)","[4, 6, 5, 2, 3, 7, 1, 0]",8
simulated_annealing,0.01044917106628418,"(10.0, 0.01, 0.99, False)","[3, 6, 1, 5, 2, 0, 7, 4]",8
simulated_annealing,0.009118080139160156,"(10.0, 0.01, 0.99, False)","[1, 4, 3, 7, 0, 6, 2, 5]",8
simulated_annealing,0.008585453033447266,"(10.0, 0.01, 0.99, False)","[3, 2, 1, 7, 6, 4, 5, 0]",8
simulated_annealing,0.009845495223999023,"(10.0, 0.01, 0.99, False)","[6, 2, 1, 4, 7, 0, 3, 5]",8
simulated_annealing,0.00611114501953125,"(10.0, 0.01, 0.99, False)","[1, 3, 2, 4, 6, 7, 5, 0]",8
neural_network,4.595561742782593,False,"[7, 0, 5, 5, 7, 6, 7, 7]",8,16,10000
genetic,0.025669097900390625,True,"[0, 6, 3, 5, 7, 1, 4, 2]",8,100,1000,0.5
genetic,0.05648922920227051,True,"[7, 1, 3, 0, 6, 4, 2, 5]",8,100,1000,0.5
genetic,0.02194976806640625,True,"[5, 1, 6, 0, 2, 4, 7, 3]",8,100,1000,0.5
genetic,0.007753133773803711,True,"[5, 1, 6, 0, 3, 7, 4, 2]",8,100,1000,0.5
genetic,0.013533592224121094,True,"[7, 3, 0, 2, 5, 1, 6, 4]",8,100,1000,0.5
genetic,0.09766077995300293,True,"[4, 2, 7, 3, 6, 0, 5, 1]",8,100,1000,0.5
genetic,0.004322528839111328,True,"[3, 0, 4, 7, 5, 2, 6, 1]",8,100,1000,0.5
genetic,0.023497581481933594,True,"[2, 4, 1, 7, 0, 6, 3, 5]",8,100,1000,0.5
genetic,0.01584029197692871,True,"[2, 4, 1, 7, 0, 6, 3, 5]",8,100,1000,0.5
genetic,0.00598907470703125,True,"[4, 1, 3, 5, 7, 2, 0, 6]",8,100,1000,0.5
genetic,0.040049076080322266,True,"[5, 3, 6, 0, 7, 1, 4, 2]",8,100,1000,0.5
genetic,0.020969390869140625,True,"[2, 5, 1, 6, 0, 3, 7, 4]",8,100,1000,0.5
genetic,0.013879537582397461,True,"[3, 0, 4, 7, 1, 6, 2, 5]",8,100,1000,0.5
genetic,0.1201014518737793,True,"[6, 3, 1, 4, 7, 0, 2, 5]",8,100,1000,0.5
genetic,0.016258716583251953,True,"[2, 5, 1, 6, 0, 3, 7, 4]",8,100,1000,0.5
genetic,0.023888349533081055,True,"[3, 7, 0, 4, 6, 1, 5, 2]",8,100,1000,0.5
genetic,0.02206730842590332,True,"[1, 3, 5, 7, 2, 0, 6, 4]",8,100,1000,0.5
genetic,0.020327329635620117,True,"[0, 4, 7, 5, 2, 6, 1, 3]",8,100,1000,0.5
genetic,0.01778888702392578,True,"[2, 4, 1, 7, 0, 6, 3, 5]",8,100,1000,0.5
neural_network,4.647761821746826,False,"[2, 6, 7, 5, 1, 3, 0, 7]",8,16,10000
ant_colony,0.019298315048217773,True,"[5, 0, 4, 1, 7, 2, 6, 3]",8,100,1000,1,2,0.01,100.0
ant_colony,0.05616450309753418,True,"[2, 6, 1, 7, 4, 0, 3, 5]",8,100,1000,1,2,0.01,100.0
ant_colony,0.02124619483947754,True,"[2, 0, 6, 4, 7, 1, 3, 5]",8,100,1000,1,2,0.01,100.0
ant_colony,0.018129825592041016,True,"[1, 4, 6, 0, 2, 7, 5, 3]",8,100,1000,1,2,0.01,100.0
ant_colony,0.01811504364013672,True,"[6, 1, 3, 0, 7, 4, 2, 5]",8,100,1000,1,2,0.01,100.0
ant_colony,0.017789602279663086,True,"[1, 5, 0, 6, 3, 7, 2, 4]",8,100,1000,1,2,0.01,100.0
backtracking,0.004034996032714844,True,"[0, 4, 7, 5, 2, 6, 1, 3]",8
backtracking,0.0009968280792236328,True,"[0, 4, 7, 5, 2, 6, 1, 3]",8
backtracking,0.0015020370483398438,True,"[0, 4, 7, 5, 2, 6, 1, 3]",8
backtracking,0.0,True,"[0, 4, 7, 5, 2, 6, 1, 3]",8
backtracking,0.0,True,"[0, 4, 7, 5, 2, 6, 1, 3]",8
genetic,0.016503572463989258,True,"[3, 5, 7, 1, 6, 0, 2, 4]",8,100,1000,0.5
backtracking,0.0,True,"[0, 4, 7, 5, 2, 6, 1, 3]",8
genetic,0.03462529182434082,True,"[4, 2, 0, 6, 1, 7, 5, 3]",8,100,1000,0.5
backtracking,0.0,True,"[0, 4, 7, 5, 2, 6, 1, 3]",8
genetic,0.007998466491699219,True,"[3, 6, 4, 1, 5, 0, 2, 7]",8,100,1000,0.5
backtracking,0.0010890960693359375,True,"[0, 4, 7, 5, 2, 6, 1, 3]",8
ant_colony,0.06979918479919434,True,"[2, 6, 1, 7, 4, 0, 3, 5]",8,100,1000,1,2,0.01,100.0
ant_colony,0.02733922004699707,True,"[4, 6, 3, 0, 2, 7, 5, 1]",8,100,1000,1,2,0.01,100.0
ant_colony,0.02918720245361328,True,"[3, 1, 6, 4, 0, 7, 5, 2]",8,100,1000,1,2,0.01,100.0
ant_colony,0.01901841163635254,True,"[4, 1, 3, 5, 7, 2, 0, 6]",8,100,1000,1,2,0.01,100.0
genetic,0.02040386199951172,True,"[5, 3, 6, 0, 2, 4, 1, 7]",8,100,1000,0.5
backtracking,0.003051280975341797,True,"[0, 4, 7, 5, 2, 6, 1, 3]",8
genetic,0.07809615135192871,True,"[3, 0, 4, 7, 1, 6, 2, 5]",8,100,1000,0.5
ant_colony,0.023590087890625,True,"[2, 6, 1, 7, 5, 3, 0, 4]",8,100,1000,1,2,0.01,100.0
backtracking,0.0,True,"[0, 4, 7, 5, 2, 6, 1, 3]",8
genetic,0.04709029197692871,True,"[5, 3, 6, 0, 2, 4, 1, 7]",8,100,1000,0.5
ant_colony,0.01916813850402832,True,"[5, 3, 6, 0, 2, 4, 1, 7]",8,100,1000,1,2,0.01,100.0
backtracking,0.001295328140258789,True,"[0, 4, 7, 5, 2, 6, 1, 3]",8
genetic,0.04166436195373535,True,"[5, 7, 1, 3, 0, 6, 4, 2]",8,100,1000,0.5
ant_colony,0.019693374633789062,True,"[2, 7, 3, 6, 0, 5, 1, 4]",8,100,1000,1,2,0.01,100.0
ant_colony,0.019379138946533203,True,"[6, 3, 1, 7, 5, 0, 2, 4]",8,100,1000,1,2,0.01,100.0
ant_colony,0.01847982406616211,True,"[3, 7, 0, 4, 6, 1, 5, 2]",8,100,1000,1,2,0.01,100.0
ant_colony,0.0748147964477539,True,"[3, 5, 7, 1, 6, 0, 2, 4]",8,100,1000,1,2,0.01,100.0
ant_colony,0.01784515380859375,True,"[2, 4, 7, 3, 0, 6, 1, 5]",8,100,1000,1,2,0.01,100.0
ant_colony,0.021212100982666016,True,"[2, 5, 1, 6, 0, 3, 7, 4]",8,100,1000,1,2,0.01,100.0
ant_colony,0.10174059867858887,True,"[3, 5, 9, 1, 10, 4, 7, 0, 8, 6, 2]",11,100,1000,1,2,0.01,100.0
genetic,1.0027048587799072,False,"[6, 4, 1, 7, 9, 3, 8, 0, 2, 10, 5]",11,100,1000,0.5
genetic,0.3460674285888672,True,"[4, 2, 5, 9, 1, 10, 8, 6, 3, 7, 0]",11,100,1000,0.5
backtracking,0.0013229846954345703,True,"[0, 2, 4, 6, 8, 10, 1, 3, 5, 7, 9]",11
backtracking,0.0010042190551757812,True,"[0, 2, 4, 6, 8, 10, 1, 3, 5, 7, 9]",11
backtracking,0.0013697147369384766,True,"[0, 2, 4, 6, 8, 10, 1, 3, 5, 7, 9]",11
neural_network,9.703733205795288,False,"[3, 1, 10, 0, 7, 7, 7, 9, 10, 8, 3]",11,16,10000
simulated_annealing,0.00399327278137207,"(10.0, 0.01, 0.99, False)","[3, 7, 2, 1, 5, 4, 0, 6]",8
simulated_annealing,0.01877117156982422,"(10.0, 0.01, 0.99, False)","[3, 5, 7, 0, 6, 2, 1, 4]",8
simulated_annealing,0.015018224716186523,"(10.0, 0.01, 0.99, False)","[7, 1, 2, 0, 6, 3, 5, 4]",8
simulated_annealing,0.003989458084106445,"(10.0, 0.01, 0.99, False)","[6, 1, 0, 5, 3, 2, 4, 7]",8
simulated_annealing,0.00576472282409668,"(10.0, 0.01, 0.99, False)","[5, 0, 2, 4, 6, 1, 3, 7]",8
simulated_annealing,0.005347013473510742,"(10.0, 0.01, 0.99, False)","[2, 0, 3, 5, 6, 1, 4, 7]",8
simulated_annealing,0.00621485710144043,"(10.0, 0.01, 0.99, False)","[7, 2, 3, 5, 0, 6, 4, 1]",8
simulated_annealing,0.0060846805572509766,"(10.0, 0.01, 0.99, False)","[4, 1, 2, 3, 5, 0, 6, 7]",8
simulated_annealing,0.0051670074462890625,"(10.0, 0.01, 0.99, False)","[7, 1, 5, 3, 4, 0, 2, 6]",8
simulated_annealing,0.00881052017211914,"(10.0, 0.01, 0.99, False)","[2, 3, 4, 7, 6, 1, 0, 5]",8
simulated_annealing,0.007567405700683594,"(10.0, 0.01, 0.99, False)","[7, 2, 1, 6, 0, 4, 5, 3]",8
simulated_annealing,0.004646778106689453,"(10.0, 0.01, 0.99, False)","[4, 0, 5, 2, 7, 6, 1, 3]",8
simulated_annealing,0.0052716732025146484,"(10.0, 0.01, 0.99, False)","[6, 4, 3, 0, 7, 2, 1, 5]",8
simulated_annealing,0.007943391799926758,"(10.0, 0.01, 0.99, False)","[2, 3, 4, 6, 5, 0, 7, 1]",8
simulated_annealing,0.00743412971496582,"(10.0, 0.01, 0.99, False)","[3, 2, 1, 7, 6, 4, 0, 5]",8
simulated_annealing,0.0053141117095947266,"(10.0, 0.01, 0.99, False)","[0, 1, 5, 7, 3, 4, 2, 6]",8
simulated_annealing,0.005495309829711914,"(10.0, 0.01, 0.99, False)","[6, 3, 4, 5, 0, 1, 2, 7]",8
simulated_annealing,0.005183696746826172,"(10.0, 0.01, 0.99, False)","[3, 4, 0, 1, 6, 2, 5, 7]",8
simulated_annealing,0.0049228668212890625,"(10.0, 0.01, 0.99, False)","[2, 5, 7, 6, 3, 1, 4, 0]",8
simulated_annealing,0.004589557647705078,"(10.0, 0.01, 0.99, False)","[7, 3, 0, 5, 4, 2, 6, 1]",8
simulated_annealing,0.004289865493774414,"(10.0, 0.01, 0.99, False)","[7, 6, 2, 1, 3, 4, 0, 5]",8
simulated_annealing,0.004956960678100586,"(10.0, 0.01, 0.99, False)","[7, 0, 3, 2, 4, 1, 6, 5]",8
simulated_annealing,0.006193399429321289,"(10.0, 0.01, 0.99, False)","[4, 6, 2, 1, 5, 0, 3, 7]",8
simulated_annealing,0.004459857940673828,"(10.0, 0.01, 0.99, False)","[0, 3, 5, 1, 6, 2, 4, 7]",8
simulated_annealing,0.0054051876068115234,"(10.0, 0.01, 0.99, False)","[4, 3, 1, 7, 5, 2, 6, 0]",8
genetic,0.009169340133666992,True,"[2, 4, 7, 3, 0, 6, 1, 5]",8,100,1000,0.5
genetic,0.1319599151611328,True,"[2, 5, 1, 6, 4, 0, 7, 3]",8,100,1000,0.5
genetic,0.022565841674804688,True,"[2, 4, 6, 0, 3, 1, 7, 5]",8,100,1000,0.5
genetic,0.007758378982543945,True,"[4, 2, 7, 3, 6, 0, 5, 1]",8,100,1000,0.5
simulated_annealing,0.004593610763549805,"(10.0, 0.01, 0.99, False)","[1, 3, 0, 4, 7, 5, 6, 2]",8
simulated_annealing,0.007542848587036133,"(10.0, 0.01, 0.99, False)","[7, 5, 6, 0, 3, 2, 1, 4]",8
simulated_annealing,0.007182598114013672,"(10.0, 0.01, 0.99, False)","[0, 5, 1, 2, 7, 4, 6, 3]",8
simulated_annealing,0.004576683044433594,"(10.0, 0.01, 0.99, False)","[0, 4, 6, 5, 7, 3, 2, 1]",8
simulated_annealing,0.005794048309326172,"(10.0, 0.01, 0.99, False)","[3, 2, 4, 7, 1, 6, 5, 0]",8
neural_network,4.611415147781372,False,"[3, 4, 1, 2, 1, 2, 5, 6]",8,16,10000
simulated_annealing,0.007217884063720703,"(10.0, 0.01, 0.99, False)","[5, 2, 4, 6, 1, 7, 0, 3]",8
simulated_annealing,0.00702214241027832,"(10.0, 0.01, 0.99, False)","[3, 5, 6, 1, 4, 2, 0, 7]",8
simulated_annealing,0.005109310150146484,"(10.0, 0.01, 0.99, False)","[5, 3, 7, 1, 6, 2, 4, 0]",8
simulated_annealing,0.009709358215332031,"(10.0, 0.01, 0.99, False)","[3, 1, 5, 0, 7, 4, 6, 2]",8
simulated_annealing,0.007568359375,"(10.0, 0.01, 0.99, False)","[2, 3, 4, 7, 1, 5, 0, 6]",8
simulated_annealing,0.008789777755737305,"(10.0, 0.01, 0.99, False)","[6, 3, 0, 7, 5, 1, 4, 2]",8
simulated_annealing,0.006128549575805664,"(10.0, 0.01, 0.99, False)","[2, 3, 5, 4, 7, 0, 6, 1]",8
simulated_annealing,0.0061872005462646484,"(10.0, 0.01, 0.99, False)","[2, 1, 6, 3, 4, 7, 5, 0]",8
simulated_annealing,0.005033016204833984,"(10.0, 0.01, 0.99, False)","[2, 4, 7, 6, 5, 3, 1, 0]",8
simulated_annealing,0.004602193832397461,"(10.0, 0.01, 0.99, False)","[2, 4, 1, 6, 3, 0, 7, 5]",8
simulated_annealing,0.005257606506347656,"(10.0, 0.01, 0.99, False)","[3, 7, 0, 6, 4, 5, 2, 1]",8
simulated_annealing,0.007049083709716797,"(10.0, 0.01, 0.99, False)","[4, 5, 0, 3, 1, 2, 7, 6]",8
simulated_annealing,0.006597280502319336,"(10.0, 0.01, 0.99, False)","[1, 4, 5, 6, 3, 7, 2, 0]",8
simulated_annealing,0.0050051212310791016,"(10.0, 0.01, 0.99, False)","[7, 3, 4, 6, 0, 5, 1, 2]",8
simulated_annealing,0.0041048526763916016,"(10.0, 0.01, 0.99, False)","[2, 3, 6, 4, 5, 7, 0, 1]",8
simulated_annealing,0.0038073062896728516,"(10.0, 0.01, 0.99, False)","[0, 1, 4, 3, 5, 2, 7, 6]",8
simulated_annealing,0.005678892135620117,"(10.0, 0.01, 0.99, False)","[7, 0, 5, 1, 3, 6, 2, 4]",8
simulated_annealing,0.0039675235748291016,"(10.0, 0.01, 0.99, False)","[1, 0, 7, 4, 2, 5, 6, 3]",8
simulated_annealing,0.0045778751373291016,"(10.0, 0.01, 0.99, False)","[6, 0, 1, 5, 4, 3, 7, 2]",8
simulated_annealing,0.0047435760498046875,"(10.0, 0.01, 0.99, False)","[3, 2, 5, 6, 4, 0, 7, 1]",8
simulated_annealing,0.0065538883209228516,"(10.0, 0.01, 0.99, False)","[0, 3, 5, 6, 4, 7, 1, 2]",8
simulated_annealing,0.005054950714111328,"(10.0, 0.01, 0.99, False)","[2, 7, 6, 3, 5, 0, 4, 1]",8
simulated_annealing,0.004807472229003906,"(10.0, 0.01, 0.99, False)","[4, 3, 7, 6, 0, 5, 2, 1]",8
simulated_annealing,0.005684614181518555,"(10.0, 0.01, 0.99, False)","[0, 6, 7, 3, 4, 1, 2, 5]",8
simulated_annealing,0.016845226287841797,"(10.0, 0.01, 0.99, False)","[1, 0, 6, 4, 2, 5, 3, 7]",8
simulated_annealing,0.01773834228515625,"(10.0, 0.01, 0.99, False)","[2, 6, 4, 1, 7, 0, 5, 3]",8
simulated_annealing,0.015990734100341797,"(10.0, 0.01, 0.99, False)","[7, 0, 2, 3, 6, 4, 1, 5]",8
simulated_annealing,0.007927179336547852,"(10.0, 0.01, 0.99, False)","[2, 4, 5, 6, 7, 3, 0, 1]",8
simulated_annealing,0.013538360595703125,"(10.0, 0.001, 0.99, False)","[2, 5, 6, 1, 3, 7, 0, 4]",8
simulated_annealing,0.013022899627685547,"(10.0, 0.001, 0.99, False)","[5, 4, 7, 1, 3, 2, 0, 6]",8
simulated_annealing,0.0072209835052490234,"(10.0, 0.001, 0.99, False)","[6, 0, 1, 2, 5, 3, 7, 4]",8
simulated_annealing,0.008003711700439453,"(10.0, 0.001, 0.99, False)","[4, 6, 3, 2, 5, 0, 7, 1]",8
simulated_annealing,0.006031513214111328,"(10.0, 0.001, 0.99, False)","[4, 7, 0, 2, 6, 1, 5, 3]",8
simulated_annealing,0.007219791412353516,"(10.0, 0.001, 0.99, False)","[0, 3, 6, 4, 1, 7, 2, 5]",8
simulated_annealing,0.0069882869720458984,"(10.0, 0.001, 0.99, False)","[6, 5, 4, 7, 3, 0, 1, 2]",8
simulated_annealing,0.006772756576538086,"(10.0, 0.001, 0.99, False)","[4, 3, 2, 1, 6, 5, 7, 0]",8
simulated_annealing,0.00606226921081543,"(10.0, 0.001, 0.99, False)","[3, 4, 2, 1, 6, 5, 7, 0]",8
simulated_annealing,0.007509708404541016,"(10.0, 0.001, 0.99, False)","[2, 6, 4, 7, 0, 5, 3, 1]",8
simulated_annealing,0.006508827209472656,"(10.0, 0.001, 0.99, False)","[7, 6, 5, 1, 2, 0, 3, 4]",8
simulated_annealing,0.01676321029663086,"(10.0, 0.001, 0.99, False)","[5, 0, 3, 4, 6, 1, 2, 7]",8
simulated_annealing,0.009270906448364258,"(10.0, 0.001, 0.99, False)","[5, 7, 6, 3, 0, 4, 1, 2]",8
simulated_annealing,0.0067675113677978516,"(10.0, 0.001, 0.99, False)","[7, 4, 1, 6, 0, 3, 2, 5]",8
simulated_annealing,0.007022380828857422,"(10.0, 0.001, 0.99, False)","[1, 2, 0, 4, 3, 5, 6, 7]",8
simulated_annealing,0.005980968475341797,"(10.0, 0.001, 0.99, False)","[4, 0, 2, 3, 6, 1, 5, 7]",8
simulated_annealing,0.006908416748046875,"(10.0, 0.001, 0.99, False)","[6, 3, 1, 7, 0, 5, 4, 2]",8
simulated_annealing,0.007200956344604492,"(10.0, 0.001, 0.99, False)","[6, 7, 0, 5, 2, 3, 1, 4]",8
simulated_annealing,0.0054929256439208984,"(10.0, 0.001, 0.99, False)","[7, 4, 6, 1, 2, 5, 0, 3]",8
simulated_annealing,0.007020235061645508,"(10.0, 0.001, 0.99, False)","[7, 5, 4, 3, 2, 0, 6, 1]",8
simulated_annealing,0.005379915237426758,"(10.0, 0.001, 0.99, False)","[1, 6, 5, 4, 3, 0, 7, 2]",8
simulated_annealing,0.007637977600097656,"(10.0, 0.001, 0.99, False)","[1, 0, 6, 3, 2, 4, 5, 7]",8
simulated_annealing,0.0075531005859375,"(10.0, 0.001, 0.99, False)","[1, 4, 2, 0, 3, 6, 7, 5]",8
simulated_annealing,0.006894588470458984,"(10.0, 0.001, 0.99, False)","[7, 6, 5, 3, 0, 2, 1, 4]",8
simulated_annealing,0.005410194396972656,"(10.0, 0.001, 0.99, False)","[3, 7, 1, 4, 2, 0, 6, 5]",8
simulated_annealing,0.005391836166381836,"(10.0, 0.001, 0.99, False)","[0, 4, 2, 3, 7, 1, 5, 6]",8
simulated_annealing,0.006070613861083984,"(10.0, 0.001, 0.99, False)","[2, 4, 6, 5, 1, 3, 0, 7]",8
simulated_annealing,0.007771492004394531,"(100.0, 0.001, 0.99, False)","[2, 5, 0, 3, 1, 6, 7, 4]",8
simulated_annealing,0.026053667068481445,"(100.0, 0.001, 0.99, False)","[2, 6, 1, 0, 7, 3, 4, 5]",8
simulated_annealing,0.007654905319213867,"(100.0, 0.001, 0.99, False)","[4, 2, 7, 1, 3, 0, 6, 5]",8
simulated_annealing,0.008011817932128906,"(100.0, 0.001, 0.99, False)","[2, 7, 4, 0, 1, 3, 5, 6]",8
simulated_annealing,0.027996540069580078,"(100.0, 0.001, 0.99, False)","[2, 3, 6, 5, 0, 4, 7, 1]",8
simulated_annealing,0.01536107063293457,"(100.0, 0.001, 0.99, False)","[4, 7, 0, 1, 6, 2, 3, 5]",8
simulated_annealing,0.014989852905273438,"(100.0, 0.001, 0.99, False)","[0, 3, 2, 7, 5, 1, 6, 4]",8
simulated_annealing,0.00672459602355957,"(10.0, 0.001, 0.99, False)","[4, 0, 3, 2, 6, 5, 7, 1]",8
simulated_annealing,0.0055615901947021484,"(10.0, 0.001, 0.99, False)","[4, 5, 7, 2, 6, 0, 3, 1]",8
simulated_annealing,0.006653308868408203,"(10.0, 0.001, 0.99, False)","[3, 4, 2, 6, 7, 5, 1, 0]",8
simulated_annealing,0.009379863739013672,"(1000.0, 0.001, 0.99, False)","[6, 4, 5, 2, 7, 0, 3, 1]",8
simulated_annealing,0.02022385597229004,"(1000.0, 0.001, 0.99, False)","[0, 1, 3, 2, 7, 4, 6, 5]",8
simulated_annealing,0.014876604080200195,"(1000.0, 0.001, 0.99, False)","[3, 1, 5, 4, 2, 7, 0, 6]",8
simulated_annealing,0.008875131607055664,"(1000.0, 0.001, 0.99, False)","[4, 1, 3, 0, 7, 6, 5, 2]",8
simulated_annealing,0.06333565711975098,"(1e+18, 0.001, 0.99, False)","[2, 7, 6, 3, 1, 0, 4, 5]",8
simulated_annealing,0.04553627967834473,"(1e+18, 0.001, 0.99, False)","[1, 3, 6, 0, 7, 4, 2, 5]",8
simulated_annealing,0.03383135795593262,"(1e+18, 0.001, 0.99, False)","[3, 2, 5, 7, 1, 0, 6, 4]",8
simulated_annealing,0.05690741539001465,"(1e+18, 0.001, 0.99, False)","[4, 5, 7, 0, 6, 2, 1, 3]",8
simulated_annealing,0.048134565353393555,"(1e+18, 0.001, 0.99, False)","[3, 7, 0, 5, 1, 2, 4, 6]",8
simulated_annealing,0.03325009346008301,"(1e+18, 0.001, 0.99, False)","[3, 6, 7, 5, 1, 4, 0, 2]",8
simulated_annealing,0.03417539596557617,"(1e+18, 0.001, 0.99, False)","[0, 3, 1, 6, 2, 5, 4, 7]",8
simulated_annealing,0.07636141777038574,"(1e+18, 0.001, 0.99, False)","[1, 7, 4, 6, 2, 3, 5, 0]",8
simulated_annealing,0.03297543525695801,"(1e+18, 0.001, 0.99, False)","[1, 0, 3, 4, 6, 5, 7, 2]",8
simulated_annealing,0.03377556800842285,"(1e+18, 0.001, 0.99, False)","[2, 5, 1, 0, 7, 3, 6, 4]",8
simulated_annealing,0.03280901908874512,"(1e+18, 0.001, 0.99, False)","[2, 5, 7, 4, 6, 3, 0, 1]",8
simulated_annealing,0.03238630294799805,"(1e+18, 0.001, 0.99, False)","[5, 2, 7, 4, 0, 6, 1, 3]",8
simulated_annealing,0.05226325988769531,"(1e+18, 1e-15, 0.99, False)","[6, 1, 2, 3, 4, 5, 0, 7]",8
simulated_annealing,0.053240299224853516,"(1e+18, 1e-15, 0.99, False)","[0, 7, 3, 6, 1, 4, 5, 2]",8
simulated_annealing,0.09564590454101562,"(1e+18, 1e-15, 0.99, False)","[6, 3, 2, 0, 5, 4, 7, 1]",8
simulated_annealing,0.05140876770019531,"(1e+18, 1e-15, 0.99, True)","[4, 6, 1, 5, 2, 0, 3, 7]",8
simulated_annealing,0.08001017570495605,"(1e+18, 1e-15, 0.99, False)","[7, 3, 2, 5, 0, 4, 1, 6]",8
simulated_annealing,0.0529940128326416,"(1e+18, 1e-15, 0.99, False)","[6, 5, 7, 4, 1, 3, 2, 0]",8
simulated_annealing,0.051483154296875,"(1e+18, 1e-15, 0.99, False)","[6, 7, 1, 3, 5, 2, 4, 0]",8
simulated_annealing,0.08890676498413086,"(1e+18, 1e-15, 0.99, False)","[2, 7, 3, 0, 1, 5, 6, 4]",8
simulated_annealing,0.06134796142578125,"(1e+18, 1e-15, 0.99, False)","[6, 0, 3, 1, 5, 4, 7, 2]",8
simulated_annealing,0.05359172821044922,"(1e+18, 1e-15, 0.99, False)","[2, 3, 5, 0, 7, 6, 1, 4]",8
simulated_annealing,0.05187249183654785,"(1e+18, 1e-15, 0.99, False)","[3, 7, 4, 6, 0, 2, 1, 5]",8
simulated_annealing,0.05927705764770508,"(1e+18, 1e-15, 0.99, False)","[7, 4, 2, 5, 1, 6, 0, 3]",8
simulated_annealing,0.052641868591308594,"(1e+18, 1e-15, 0.99, False)","[4, 6, 3, 0, 1, 2, 5, 7]",8
simulated_annealing,0.051940202713012695,"(1e+18, 1e-15, 0.99, False)","[2, 5, 1, 4, 6, 0, 3, 7]",8
simulated_annealing,0.054438114166259766,"(1e+18, 1e-15, 0.99, False)","[0, 6, 7, 4, 2, 1, 3, 5]",8
simulated_annealing,0.05061817169189453,"(1e+18, 1e-15, 0.99, False)","[7, 6, 5, 1, 2, 4, 0, 3]",8
simulated_annealing,0.053304195404052734,"(1e+18, 1e-15, 0.99, False)","[4, 5, 6, 7, 3, 1, 0, 2]",8
simulated_annealing,0.056609153747558594,"(1e+18, 1e-15, 0.99, False)","[0, 1, 3, 2, 4, 6, 7, 5]",8
simulated_annealing,0.05228996276855469,"(1e+18, 1e-15, 0.99, False)","[5, 3, 6, 7, 0, 2, 1, 4]",8
simulated_annealing,0.06229066848754883,"(1e+18, 1e-15, 0.99, False)","[7, 2, 3, 5, 6, 1, 4, 0]",8
simulated_annealing,0.05502748489379883,"(1e+18, 1e-15, 0.99, False)","[0, 7, 5, 4, 1, 2, 6, 3]",8
simulated_annealing,0.05269145965576172,"(1e+18, 1e-15, 0.99, False)","[6, 1, 7, 5, 4, 2, 0, 3]",8
simulated_annealing,0.053421735763549805,"(1e+18, 1e-15, 0.99, False)","[1, 7, 4, 3, 0, 5, 6, 2]",8
simulated_annealing,0.051062822341918945,"(1e+18, 1e-15, 0.99, False)","[1, 7, 0, 3, 2, 5, 6, 4]",8
simulated_annealing,0.05256915092468262,"(1e+18, 1e-15, 0.99, False)","[6, 4, 5, 7, 1, 2, 3, 0]",8
simulated_annealing,0.052880287170410156,"(1e+18, 1e-15, 0.99, False)","[2, 6, 4, 3, 1, 0, 5, 7]",8
simulated_annealing,0.05252385139465332,"(1e+18, 1e-15, 0.99, False)","[7, 4, 6, 3, 5, 1, 0, 2]",8
simulated_annealing,0.05051827430725098,"(1e+18, 1e-15, 0.99, False)","[1, 2, 6, 4, 5, 0, 3, 7]",8
simulated_annealing,0.051250457763671875,"(1e+18, 1e-15, 0.99, False)","[7, 5, 4, 2, 3, 1, 6, 0]",8
simulated_annealing,0.05055499076843262,"(1e+18, 1e-15, 0.99, False)","[4, 3, 2, 7, 6, 0, 5, 1]",8
simulated_annealing,0.05139017105102539,"(1e+18, 1e-15, 0.99, False)","[4, 6, 1, 3, 7, 5, 2, 0]",8
simulated_annealing,0.05021858215332031,"(1e+18, 1e-15, 0.99, False)","[1, 2, 4, 5, 6, 3, 7, 0]",8
simulated_annealing,0.051419734954833984,"(1e+18, 1e-15, 0.99, False)","[2, 0, 3, 7, 5, 6, 1, 4]",8
simulated_annealing,0.052475690841674805,"(1e+18, 1e-15, 0.99, False)","[4, 2, 6, 1, 5, 0, 7, 3]",8
simulated_annealing,0.051090240478515625,"(1e+18, 1e-15, 0.99, False)","[4, 2, 6, 0, 1, 7, 5, 3]",8
simulated_annealing,0.05128049850463867,"(1e+18, 1e-15, 0.99, False)","[0, 3, 5, 1, 6, 7, 2, 4]",8
simulated_annealing,0.05411863327026367,"(1e+18, 1e-15, 0.99, False)","[1, 0, 5, 2, 3, 7, 4, 6]",8
simulated_annealing,0.055135488510131836,"(1e+18, 1e-15, 0.99, False)","[0, 3, 5, 6, 1, 7, 2, 4]",8
simulated_annealing,0.051939964294433594,"(1e+18, 1e-15, 0.99, False)","[7, 5, 3, 4, 1, 2, 6, 0]",8
simulated_annealing,0.05292630195617676,"(1e+18, 1e-15, 0.99, False)","[6, 3, 1, 7, 0, 4, 2, 5]",8
simulated_annealing,0.05375266075134277,"(1e+18, 1e-15, 0.99, False)","[0, 5, 2, 4, 6, 1, 3, 7]",8
simulated_annealing,0.08945965766906738,"(1e+18, 1e-15, 0.99, False)","[0, 2, 1, 6, 7, 3, 4, 5]",8
simulated_annealing,0.05298042297363281,"(1e+18, 1e-15, 0.99, False)","[2, 4, 7, 1, 5, 3, 0, 6]",8
simulated_annealing,0.5220470428466797,"(1e+18, 1e-15, 0.999, False)","[5, 2, 1, 7, 0, 6, 3, 4]",8
simulated_annealing,0.5554964542388916,"(1e+18, 1e-15, 0.999, False)","[2, 5, 4, 0, 6, 3, 1, 7]",8
simulated_annealing,0.5441057682037354,"(1e+18, 1e-15, 0.999, False)","[7, 0, 4, 5, 1, 3, 6, 2]",8
simulated_annealing,0.5526912212371826,"(1e+18, 1e-15, 0.999, False)","[6, 5, 3, 1, 2, 7, 0, 4]",8
simulated_annealing,0.5204827785491943,"(1e+18, 1e-15, 0.999, False)","[1, 7, 4, 2, 5, 6, 0, 3]",8
simulated_annealing,0.5705294609069824,"(1e+18, 1e-15, 0.999, False)","[5, 6, 2, 1, 0, 4, 3, 7]",8
simulated_annealing,31.197065353393555,"(10000000000.0, 1e-09, 0.99999, False)","[0, 7, 2, 4, 3, 5, 1, 6]",8
simulated_annealing,0.3039243221282959,"(10000000000.0, 1e-09, 0.999, False)","[7, 2, 0, 1, 3, 5, 6, 4]",8
simulated_annealing,0.36444544792175293,"(10000000000.0, 1e-09, 0.999, False)","[2, 6, 1, 3, 5, 7, 4, 0]",8
simulated_annealing,0.3069424629211426,"(10000000000.0, 1e-09, 0.999, False)","[2, 0, 1, 7, 6, 5, 4, 3]",8
simulated_annealing,0.3049905300140381,"(10000000000.0, 1e-09, 0.999, False)","[3, 2, 6, 4, 5, 0, 1, 7]",8
simulated_annealing,0.34004855155944824,"(10000000000.0, 1e-09, 0.999, False)","[4, 2, 6, 3, 7, 1, 5, 0]",8
simulated_annealing,0.2963089942932129,"(10000000000.0, 1e-09, 0.999, False)","[2, 7, 5, 4, 0, 1, 3, 6]",8
simulated_annealing,0.3104526996612549,"(10000000000.0, 1e-09, 0.999, False)","[2, 4, 3, 7, 1, 5, 0, 6]",8
simulated_annealing,0.3357677459716797,"(10000000000.0, 1e-09, 0.999, False)","[2, 6, 4, 5, 0, 3, 7, 1]",8
simulated_annealing,0.32837557792663574,"(10000000000.0, 1e-09, 0.999, False)","[1, 0, 2, 6, 3, 4, 7, 5]",8
simulated_annealing,0.3178105354309082,"(10000000000.0, 1e-09, 0.999, False)","[3, 5, 6, 1, 2, 0, 4, 7]",8
simulated_annealing,0.3024458885192871,"(10000000000.0, 1e-09, 0.999, False)","[6, 3, 0, 2, 1, 7, 4, 5]",8
simulated_annealing,0.3577282428741455,"(10000000000.0, 1e-09, 0.999, False)","[0, 6, 7, 4, 2, 3, 1, 5]",8
simulated_annealing,0.3111133575439453,"(10000000000.0, 1e-09, 0.999, False)","[0, 1, 5, 2, 7, 4, 3, 6]",8
simulated_annealing,0.2982778549194336,"(10000000000.0, 1e-09, 0.999, False)","[4, 1, 0, 6, 3, 2, 7, 5]",8
simulated_annealing,0.3676185607910156,"(10000000000.0, 1e-09, 0.999, False)","[2, 7, 6, 1, 3, 5, 4, 0]",8
simulated_annealing,0.3017101287841797,"(10000000000.0, 1e-09, 0.999, False)","[5, 7, 2, 6, 1, 0, 4, 3]",8
simulated_annealing,0.014206647872924805,"(100000.0, 0.0001, 0.99, False)","[7, 0, 4, 2, 1, 6, 3, 5]",8
simulated_annealing,0.029958009719848633,"(100000.0, 0.0001, 0.99, False)","[5, 4, 1, 6, 3, 0, 7, 2]",8
simulated_annealing,0.0247037410736084,"(100000.0, 0.0001, 0.99, False)","[2, 0, 6, 5, 1, 4, 7, 3]",8
simulated_annealing,0.028620243072509766,"(100000.0, 0.0001, 0.99, False)","[5, 4, 2, 1, 0, 3, 6, 7]",8
simulated_annealing,0.013643264770507812,"(100000.0, 0.0001, 0.99, False)","[5, 3, 0, 1, 2, 4, 7, 6]",8
simulated_annealing,0.022526264190673828,"(100000.0, 0.0001, 0.99, False)","[4, 0, 2, 1, 3, 7, 6, 5]",8
simulated_annealing,0.0300140380859375,"(100000.0, 1e-05, 0.99, False)","[4, 1, 0, 5, 3, 2, 7, 6]",8
simulated_annealing,0.01643991470336914,"(100000.0, 1e-05, 0.99, False)","[7, 3, 4, 1, 2, 6, 0, 5]",8
simulated_annealing,0.044025421142578125,"(100000.0, 1e-05, 0.99, False)","[0, 7, 3, 4, 1, 2, 6, 5]",8
simulated_annealing,0.0245361328125,"(100000.0, 1e-05, 0.99, False)","[2, 0, 1, 4, 3]",5
simulated_annealing,0.03424382209777832,"(100000.0, 1e-05, 0.99, False)","[0, 3, 4, 2, 1]",5
simulated_annealing,0.024596691131591797,"(100000.0, 1e-05, 0.99, False)","[2, 3, 0, 4, 1]",5
simulated_annealing,0.023866891860961914,"(100000.0, 1e-05, 0.99, True)","[3, 1, 4, 2, 0]",5
simulated_annealing,0.026480674743652344,"(100000.0, 1e-05, 0.99, False)","[2, 1, 0, 4, 3]",5
simulated_annealing,0.010235309600830078,"(100000.0, 1e-05, 0.99, True)","[0, 3, 1, 4, 2]",5
simulated_annealing,0.010589361190795898,"(100000.0, 1e-05, 0.99, True)","[1, 4, 2, 0, 3]",5
simulated_annealing,0.008397579193115234,"(100000.0, 1e-05, 0.99, False)","[0, 1, 4, 2, 3]",5
simulated_annealing,0.01191401481628418,"(100000.0, 1e-05, 0.99, False)","[0, 4, 1, 2, 3]",5
simulated_annealing,0.010765552520751953,"(100000.0, 1e-05, 0.99, True)","[0, 3, 1, 4, 2]",5
simulated_annealing,0.009829521179199219,"(100000.0, 1e-05, 0.99, False)","[0, 4, 3, 1, 2]",5
simulated_annealing,0.011597156524658203,"(100000.0, 1e-05, 0.99, True)","[3, 1, 4, 2, 0]",5
simulated_annealing,0.01235198974609375,"(100000.0, 1e-05, 0.99, False)","[4, 0, 1, 3, 2]",5
simulated_annealing,0.013064861297607422,"(100000.0, 1e-05, 0.99, False)","[1, 4, 3, 2, 0]",5
simulated_annealing,0.013660907745361328,"(100000.0, 1e-05, 0.99, False)","[3, 1, 4, 0, 2]",5
simulated_annealing,0.012796640396118164,"(100000.0, 1e-05, 0.99, True)","[1, 4, 2, 0, 3]",5
simulated_annealing,0.0124359130859375,"(100000.0, 1e-05, 0.99, False)","[3, 2, 1, 0, 4]",5
simulated_annealing,0.009931802749633789,"(100000.0, 1e-05, 0.99, True)","[3, 0, 2, 4, 1]",5
simulated_annealing,0.01171255111694336,"(100000.0, 1e-05, 0.99, False)","[2, 3, 1, 4, 0]",5
simulated_annealing,0.02720332145690918,"(100000.0, 1e-05, 0.99, False)","[4, 3, 0, 2, 1]",5
simulated_annealing,0.02104353904724121,"(100000.0, 1e-05, 0.99, False)","[2, 1, 0, 3, 4]",5
simulated_annealing,0.02027606964111328,"(100000.0, 1e-05, 0.99, False)","[0, 2, 3, 4, 1]",5
simulated_annealing,0.010746240615844727,"(100000.0, 1e-05, 0.99, False)","[1, 2, 3, 4, 0]",5
simulated_annealing,0.011988401412963867,"(100000.0, 1e-05, 0.99, False)","[3, 2, 4, 1, 0]",5
simulated_annealing,0.008988380432128906,"(100000.0, 1e-05, 0.99, False)","[3, 2, 1, 0]",4
simulated_annealing,0.03156089782714844,"(100000.0, 1e-05, 0.99, False)","[0, 1, 3, 2]",4
simulated_annealing,0.009434938430786133,"(100000.0, 1e-05, 0.99, False)","[2, 0, 1, 3]",4
simulated_annealing,0.03664088249206543,"(100000.0, 1e-05, 0.99, False)","[3, 0, 2, 1]",4
simulated_annealing,0.015070915222167969,"(100000.0, 1e-05, 0.99, False)","[0, 1, 2, 3]",4
simulated_annealing,0.013878107070922852,"(100000.0, 1e-05, 0.99, False)","[3, 0, 1, 2]",4
simulated_annealing,0.017531871795654297,"(100000.0, 1e-05, 0.99, True)","[1, 3, 0, 2]",4
simulated_annealing,0.015596866607666016,"(100000.0, 1e-05, 0.99, True)","[2, 0, 3, 1]",4
simulated_annealing,0.019417524337768555,"(100000.0, 1e-05, 0.99, False)","[2, 3, 0, 1]",4
simulated_annealing,0.026063203811645508,"(100000.0, 1e-05, 0.99, False)","[2, 3, 0, 1]",4
simulated_annealing,0.025775432586669922,"(100000.0, 1e-05, 0.99, False)","[1, 0, 3, 2]",4
simulated_annealing,0.032158851623535156,"(100000.0, 1e-05, 0.99, False)","[3, 1, 2, 0]",4
simulated_annealing,0.008773565292358398,"(100000.0, 1e-05, 0.99, False)","[1, 0, 2, 3]",4
simulated_annealing,0.02424001693725586,"(100000.0, 1e-05, 0.99, False)","[2, 5, 1, 0, 3, 4]",6
simulated_annealing,0.024731874465942383,"(100000.0, 1e-05, 0.99, False)","[3, 2, 0, 4, 5, 1]",6
simulated_annealing,0.02447962760925293,"(100000.0, 1e-05, 0.99, False)","[5, 3, 2, 1, 0, 4]",6
simulated_annealing,0.03643226623535156,"(100000.0, 1e-05, 0.99, False)","[5, 2, 0, 4, 1, 3]",6
simulated_annealing,0.010881900787353516,"(100000.0, 1e-05, 0.99, False)","[4, 1, 2, 5, 3, 0]",6
simulated_annealing,0.031088590621948242,"(100000.0, 1e-05, 0.99, False)","[3, 1, 2, 5, 0, 4]",6
simulated_annealing,0.0330500602722168,"(100000.0, 1e-05, 0.99, False)","[4, 3, 5, 2, 0, 1]",6
simulated_annealing,0.16677641868591309,"(100000.0, 1e-05, 0.999, False)","[6, 2, 1, 4, 0, 7, 3, 5]",8
simulated_annealing,0.15746426582336426,"(100000.0, 1e-05, 0.999, False)","[3, 0, 6, 7, 4, 1, 5, 2]",8
simulated_annealing,0.1974320411682129,"(100000.0, 1e-05, 0.999, False)","[5, 1, 7, 6, 2, 0, 4, 3]",8
simulated_annealing,0.2055833339691162,"(100000.0, 1e-05, 0.999, False)","[2, 3, 0, 5, 4, 7, 6, 1]",8
simulated_annealing,0.15916156768798828,"(100000.0, 1e-05, 0.999, False)","[6, 2, 7, 3, 5, 0, 4, 1]",8
simulated_annealing,0.23709940910339355,"(100000.0, 1e-05, 0.999, False)","[1, 2, 0, 7, 3, 4, 6, 5]",8
simulated_annealing,0.21037030220031738,"(100000.0, 1e-05, 0.999, False)","[4, 0, 1, 2, 6, 3, 7, 5]",8
simulated_annealing,0.158735990524292,"(100000.0, 1e-05, 0.999, False)","[0, 7, 3, 5, 6, 1, 4, 2]",8
simulated_annealing,0.19526052474975586,"(100000.0, 1e-05, 0.999, False)","[2, 5, 1, 7, 6, 0, 4, 3]",8
simulated_annealing,0.1619572639465332,"(100000.0, 1e-05, 0.999, False)","[3, 0, 6, 7, 5, 2, 4, 1]",8
simulated_annealing,0.18742632865905762,"(100000.0, 1e-05, 0.999, False)","[0, 4, 2, 6, 3, 7, 1, 5]",8
simulated_annealing,0.17222809791564941,"(100000.0, 1e-06, 0.999, False)","[0, 5, 6, 7, 2, 4, 1, 3]",8
simulated_annealing,0.17232894897460938,"(100000.0, 1e-06, 0.999, False)","[7, 3, 2, 5, 1, 0, 4, 6]",8
simulated_annealing,1.7762880325317383,"(100000.0, 1e-06, 0.9999, False)","[4, 0, 5, 6, 7, 1, 2, 3]",8
simulated_annealing,1.9610681533813477,"(100000.0, 1e-06, 0.9999, False)","[4, 3, 7, 5, 6, 2, 0, 1]",8
simulated_annealing,1.7659249305725098,"(100000.0, 1e-06, 0.9999, False)","[4, 7, 1, 0, 3, 2, 5, 6]",8
simulated_annealing,1.7639853954315186,"(100000.0, 1e-06, 0.9999, False)","[5, 2, 1, 3, 4, 6, 7, 0]",8
simulated_annealing,1.8983149528503418,"(100000.0, 1e-06, 0.9999, False)","[0, 1, 7, 6, 3, 2, 5, 4]",8
simulated_annealing,1.8710823059082031,"(100000.0, 1e-06, 0.9999, False)","[4, 1, 0, 6, 3, 7, 2, 5]",8
simulated_annealing,1.7532551288604736,"(100000.0, 1e-06, 0.9999, False)","[5, 2, 7, 4, 1, 0, 3, 6]",8
simulated_annealing,1.7920846939086914,"(100000.0, 1e-06, 0.9999, False)","[5, 6, 0, 1, 7, 2, 4, 3]",8
genetic,0.006272792816162109,True,"[7, 1, 3, 0, 6, 4, 2, 5]",8,100,1000,0.5
genetic,0.03431558609008789,True,"[3, 6, 4, 1, 5, 0, 2, 7]",8,100,1000,0.5
backtracking,0.0013113021850585938,True,"[0, 4, 7, 5, 2, 6, 1, 3]",8
backtracking,0.0,True,"[0, 4, 7, 5, 2, 6, 1, 3]",8
backtracking,0.0013189315795898438,True,"[0, 4, 7, 5, 2, 6, 1, 3]",8
ant_colony,0.022669553756713867,True,"[4, 1, 7, 0, 3, 6, 2, 5]",8,100,1000,1,2,0.01,100.0
genetic,0.023977279663085938,True,"[4, 1, 3, 6, 2, 7, 5, 0]",8,100,1000,0.5
backtracking,0.0005829334259033203,True,"[0, 4, 7, 5, 2, 6, 1, 3]",8
ant_colony,0.018874168395996094,True,"[0, 5, 7, 2, 6, 3, 1, 4]",8,100,1000,1,2,0.01,100.0
genetic,0.011645317077636719,True,"[4, 2, 7, 3, 6, 0, 5, 1]",8,100,1000,0.5
backtracking,0.0009970664978027344,True,"[0, 4, 7, 5, 2, 6, 1, 3]",8
ant_colony,0.04633164405822754,True,"[4, 2, 7, 3, 6, 0, 5, 1]",8,100,1000,1,2,0.01,100.0
genetic,0.02671027183532715,True,"[3, 5, 7, 2, 0, 6, 4, 1]",8,100,1000,0.5
simulated_annealing,1.747884750366211,"(100000.0, 1e-06, 0.9999, False)","[6, 5, 2, 0, 1, 7, 4, 3]",8
simulated_annealing,1.7120232582092285,"(100000.0, 1e-06, 0.9999, False)","[4, 1, 6, 3, 7, 2, 5, 0]",8
simulated_annealing,0.008559465408325195,"(10.0, 0.01, 0.99, False)","[0, 6, 5, 7, 2, 3, 1, 4]",8
simulated_annealing,0.005144357681274414,"(10.0, 0.01, 0.99, False)","[1, 4, 6, 0, 5, 7, 3, 2]",8
simulated_annealing,0.004494905471801758,"(10.0, 0.01, 0.99, False)","[4, 0, 2, 6, 5, 3, 1, 7]",8
simulated_annealing,0.016347646713256836,"(10.0, 0.01, 0.99, False)","[1, 0, 3, 2, 4, 7, 5, 6]",8
simulated_annealing,0.02424788475036621,"(10.0, 0.01, 0.99, False)","[6, 3, 1, 2, 5, 0, 7, 4]",8
simulated_annealing,0.010208845138549805,"(10.0, 0.01, 0.99, False)","[1, 5, 4, 0, 6, 2, 3, 7]",8
simulated_annealing,0.007131099700927734,"(10.0, 0.01, 0.99, False)","[0, 6, 4, 2, 7, 3, 1, 5]",8
simulated_annealing,0.007158041000366211,"(10.0, 0.01, 0.99, False)","[5, 7, 4, 0, 1, 3, 6, 2]",8
simulated_annealing,0.005450010299682617,"(10.0, 0.01, 0.99, False)","[2, 7, 1, 0, 4, 6, 3, 5]",8
simulated_annealing,0.00425410270690918,"(10.0, 0.01, 0.99, False)","[3, 1, 0, 6, 5, 2, 4, 7]",8
simulated_annealing,0.00609278678894043,"(10.0, 0.01, 0.99, False)","[2, 7, 5, 4, 0, 1, 6, 3]",8
simulated_annealing,0.015170812606811523,"(10.0, 0.01, 0.99, False)","[7, 5, 0, 4, 6, 2, 1, 3]",8
simulated_annealing,0.0075092315673828125,"(10.0, 0.01, 0.99, False)","[1, 3, 4, 2, 0, 5, 7, 6]",8
simulated_annealing,0.008887767791748047,"(10.0, 0.01, 0.99, False)","[6, 0, 1, 7, 3, 5, 2, 4]",8
simulated_annealing,0.012103796005249023,"(10.0, 0.01, 0.99, False)","[1, 0, 5, 7, 3, 4, 2, 6]",8
simulated_annealing,0.009885549545288086,"(10.0, 0.01, 0.99, False)","[3, 7, 2, 4, 6, 1, 5, 0]",8
simulated_annealing,0.004832744598388672,"(10.0, 0.01, 0.99, False)","[3, 0, 6, 1, 5, 4, 7, 2]",8
simulated_annealing,0.011813163757324219,"(10.0, 0.01, 0.99, False)","[7, 2, 5, 3, 0, 4, 1, 6]",8
simulated_annealing,0.019783496856689453,"(10.0, 0.01, 0.99, False)","[1, 2, 0, 4, 3, 7, 6, 5]",8
ant_colony,0.033648014068603516,True,"[1, 7, 5, 0, 2, 4, 6, 3]",8,100,1000,1,2,0.01,100.0
ant_colony,0.03653120994567871,True,"[0, 5, 7, 2, 6, 3, 1, 4]",8,100,1000,1,2,0.01,100.0
ant_colony,0.03411221504211426,True,"[0, 5, 7, 2, 6, 3, 1, 4]",8,100,1000,1,2,0.01,100.0
ant_colony,0.037101030349731445,True,"[1, 7, 5, 0, 2, 4, 6, 3]",8,100,1000,1,2,0.01,100.0
ant_colony,0.03970479965209961,True,"[3, 7, 0, 2, 5, 1, 6, 4]",8,100,1000,1,2,0.01,100.0
ant_colony,0.0588381290435791,True,"[5, 2, 0, 7, 3, 1, 6, 4]",8,100,1000,1,2,0.01,100.0
ant_colony,0.037018775939941406,True,"[2, 5, 1, 6, 0, 3, 7, 4]",8,100,1000,1,2,0.01,100.0
ant_colony,0.026674985885620117,True,"[6, 1, 5, 2, 0, 3, 7, 4]",8,100,1000,1,2,0.01,100.0
ant_colony,0.03809547424316406,True,"[1, 6, 2, 5, 7, 4, 0, 3]",8,100,1000,1,2,0.01,100.0
ant_colony,0.04509925842285156,True,"[5, 7, 1, 3, 0, 6, 4, 2]",8,100,1000,1,2,0.01,100.0
hill_climbing,0.006207704544067383,False,[],8
hill_climbing,0.0,False,[],8
hill_climbing,0.004546403884887695,False,[],8
genetic,0.010054826736450195,True,"[2, 5, 3, 0, 7, 4, 6, 1]",8,100,1000,0.5
genetic,0.030295372009277344,True,"[2, 4, 6, 0, 3, 1, 7, 5]",8,100,1000,0.5
genetic,0.03879213333129883,True,"[6, 2, 0, 5, 7, 4, 1, 3]",8,100,1000,0.5
genetic,0.012299537658691406,True,"[2, 5, 1, 6, 4, 0, 7, 3]",8,100,1000,0.5
genetic,0.07358145713806152,True,"[3, 7, 4, 2, 0, 6, 1, 5]",8,100,1000,0.5
genetic,0.031606197357177734,True,"[3, 1, 4, 7, 5, 0, 2, 6]",8,100,1000,0.5
hill_climbing,0.0,False,[],8
hill_climbing,0.002969980239868164,False,[],8
hill_climbing,0.001999378204345703,False,[],8
backtracking,0.002991199493408203,True,"[0, 4, 7, 5, 2, 6, 1, 3]",8
genetic,0.08545732498168945,True,"[3, 1, 6, 4, 0, 7, 5, 2]",8,1000,10000,0.5
ant_colony,0.08058738708496094,True,"[3, 1, 6, 4, 0, 7, 5, 2]",8,100,1000,1,2,0.01,100.0
brute_force,0.0035858154296875,True,"[0, 4, 7, 5, 2, 6, 1, 3]",8
particle_swarm,9.931518316268921,True,"[2, 4, 7, 3, 0, 6, 1, 5]",8,300,10000,0.729,1.49445,1.49445
particle_swarm,0.14857077598571777,True,"[5, 2, 6, 1, 7, 4, 0, 3]",8,300,10000,0.729,1.49445,1.49445
particle_swarm,0.8957459926605225,True,"[2, 5, 3, 1, 7, 4, 6, 0]",8,300,10000,0.729,1.49445,1.49445
ant_colony,0.08529901504516602,True,"[4, 0, 7, 5, 2, 6, 1, 3]",8,100,1000,1,2,0.01,100.0
genetic,0.07621645927429199,True,"[6, 2, 7, 1, 4, 0, 5, 3]",8,1000,10000,0.5
backtracking,0.0,True,"[0, 4, 7, 5, 2, 6, 1, 3]",8
brute_force,0.0018436908721923828,True,"[0, 4, 7, 5, 2, 6, 1, 3]",8
particle_swarm,63.29397392272949,False,"[3, 0, 6, 2, 5, 1, 4, 7]",8,300,10000,0.729,1.49445,1.49445
ant_colony,0.07312464714050293,True,"[1, 7, 5, 0, 2, 4, 6, 3]",8,100,1000,1,2,0.01,100.0
brute_force,0.002125263214111328,True,"[0, 4, 7, 5, 2, 6, 1, 3]",8
particle_swarm,0.11938595771789551,True,"[2, 5, 3, 0, 7, 4, 6, 1]",8,300,10000,0.729,1.49445,1.49445
genetic,0.05211210250854492,True,"[1, 7, 5, 0, 2, 4, 6, 3]",8,1000,10000,0.5
backtracking,0.0010542869567871094,True,"[0, 4, 7, 5, 2, 6, 1, 3]",8
particle_swarm,2.4081952571868896,True,"[2, 5, 1, 6, 0, 3, 7, 4]",8,300,10000,0.729,1.49445,1.49445
